{
  "clues": [
    2,
    1,
    -1,
    -1,
    1,
    2,
    0,
    -1,
    1,
    -1,
    -1,
    2,
    2
  ],
  "dot_edges_flat": [
    6,
    0,
    3,
    0,
    1,
    2,
    1,
    13,
    21,
    4,
    3,
    2,
    12,
    18,
    6,
    5,
    19,
    5,
    4,
    30,
    14,
    17,
    7,
    10,
    25,
    8,
    7,
    8,
    9,
    10,
    9,
    32,
    13,
    11,
    12,
    11,
    22,
    28,
    15,
    14,
    20,
    19,
    16,
    15,
    24,
    17,
    16,
    21,
    23,
    29,
    18,
    20,
    23,
    22,
    26,
    27,
    25,
    24,
    26,
    27,
    31,
    29,
    28,
    33,
    31,
    30,
    32,
    33
  ],
  "dot_edges_offsets": [
    0,
    3,
    5,
    8,
    13,
    16,
    19,
    24,
    27,
    29,
    32,
    34,
    37,
    40,
    44,
    49,
    52,
    55,
    58,
    60,
    63,
    66,
    68
  ],
  "dot_faces_flat": [
    1,
    -1,
    0,
    0,
    -1,
    3,
    0,
    -1,
    7,
    6,
    1,
    0,
    3,
    5,
    -1,
    1,
    6,
    5,
    1,
    12,
    11,
    4,
    8,
    2,
    8,
    -1,
    2,
    2,
    -1,
    12,
    2,
    -1,
    3,
    -1,
    7,
    3,
    -1,
    11,
    10,
    4,
    10,
    5,
    6,
    4,
    9,
    8,
    4,
    6,
    7,
    10,
    -1,
    5,
    9,
    7,
    -1,
    9,
    -1,
    8,
    9,
    -1,
    11,
    -1,
    10,
    12,
    -1,
    11,
    12,
    -1
  ],
  "dot_faces_offsets": [
    0,
    3,
    5,
    8,
    13,
    16,
    19,
    24,
    27,
    29,
    32,
    34,
    37,
    40,
    44,
    49,
    52,
    55,
    58,
    60,
    63,
    66,
    68
  ],
  "dot_order": [
    3,
    2,
    3,
    5,
    3,
    3,
    5,
    3,
    2,
    3,
    2,
    3,
    3,
    4,
    5,
    3,
    3,
    3,
    2,
    3,
    3,
    2
  ],
  "dots_x": [
    100.080001831055,
    75.4400024414063,
    100.080001831055,
    124.720001220703,
    124.720001220703,
    149.360000610352,
    204.520004272461,
    204.520004272461,
    229.440002441406,
    244.559997558594,
    100.080001831055,
    140.119995117188,
    179.880004882813,
    164.760009765625,
    164.760009765625,
    164.760009765625,
    140.119995117188,
    179.880004882813,
    179.880004882813,
    204.520004272461,
    229.440002441406,
    244.559997558594
  ],
  "dots_y": [
    126.400001525879,
    92.2399978637695,
    100.360000610352,
    92.2399978637695,
    134.239990234375,
    126.400001525879,
    92.2399978637695,
    50.2399978637695,
    58.3600006103516,
    79.3600006103516,
    58.3600006103516,
    71.2400054931641,
    126.400001525879,
    105.120002746582,
    79.3600006103516,
    147.399993896484,
    45.4799995422363,
    58.3600006103516,
    32.5999984741211,
    134.239990234375,
    126.400001525879,
    105.120002746582
  ],
  "edge_d1": [
    0,
    1,
    2,
    3,
    3,
    5,
    4,
    6,
    7,
    8,
    9,
    10,
    11,
    2,
    6,
    12,
    13,
    14,
    15,
    5,
    13,
    3,
    11,
    16,
    14,
    17,
    16,
    18,
    12,
    19,
    6,
    20,
    9,
    21
  ],
  "edge_d2": [
    1,
    2,
    3,
    0,
    5,
    4,
    0,
    7,
    8,
    9,
    6,
    11,
    3,
    10,
    12,
    13,
    14,
    6,
    4,
    13,
    15,
    14,
    16,
    14,
    17,
    7,
    18,
    17,
    19,
    15,
    20,
    19,
    21,
    20
  ],
  "edge_f1": [
    0,
    0,
    0,
    0,
    1,
    1,
    1,
    2,
    2,
    2,
    2,
    3,
    3,
    3,
    4,
    4,
    4,
    4,
    5,
    5,
    5,
    6,
    7,
    7,
    8,
    8,
    9,
    9,
    10,
    10,
    11,
    11,
    12,
    12
  ],
  "edge_f2": [
    -1,
    -1,
    3,
    1,
    6,
    5,
    -1,
    8,
    -1,
    -1,
    12,
    -1,
    7,
    -1,
    11,
    10,
    6,
    8,
    -1,
    6,
    10,
    7,
    -1,
    9,
    9,
    -1,
    -1,
    -1,
    11,
    -1,
    12,
    -1,
    -1,
    -1
  ],
  "face_dots_flat": [
    0,
    1,
    2,
    3,
    3,
    5,
    4,
    0,
    6,
    7,
    8,
    9,
    10,
    11,
    3,
    2,
    6,
    12,
    13,
    14,
    15,
    4,
    5,
    13,
    3,
    14,
    13,
    5,
    14,
    3,
    11,
    16,
    6,
    14,
    17,
    7,
    16,
    18,
    17,
    14,
    15,
    13,
    12,
    19,
    6,
    20,
    19,
    12,
    6,
    9,
    21,
    20
  ],
  "face_dots_offsets": [
    0,
    4,
    8,
    12,
    16,
    20,
    24,
    28,
    32,
    36,
    40,
    44,
    48,
    52
  ],
  "face_edges_flat": [
    0,
    1,
    2,
    3,
    4,
    5,
    6,
    3,
    7,
    8,
    9,
    10,
    11,
    12,
    2,
    13,
    14,
    15,
    16,
    17,
    18,
    5,
    19,
    20,
    21,
    16,
    19,
    4,
    21,
    12,
    22,
    23,
    17,
    24,
    25,
    7,
    26,
    27,
    24,
    23,
    20,
    15,
    28,
    29,
    30,
    31,
    28,
    14,
    10,
    32,
    33,
    30
  ],
  "face_edges_offsets": [
    0,
    4,
    8,
    12,
    16,
    20,
    24,
    28,
    32,
    36,
    40,
    44,
    48,
    52
  ],
  "face_ix": [
    100.360000610352,
    125.0,
    220.199996948242,
    115.479995727539,
    180.160003662109,
    155.519989013672,
    149.639999389648,
    149.360000610352,
    189.679992675781,
    165.040008544922,
    174.559997558594,
    204.800003051758,
    229.440002441406
  ],
  "face_iy": [
    109.879997253418,
    118.279998779297,
    71.2400054931641,
    79.3600006103516,
    100.360000610352,
    134.239990234375,
    100.360000610352,
    74.3199996948242,
    71.2400054931641,
    53.8800010681152,
    134.239990234375,
    118.279998779297,
    100.360000610352
  ],
  "face_order": [
    4,
    4,
    4,
    4,
    4,
    4,
    4,
    4,
    4,
    4,
    4,
    4,
    4
  ],
  "meta": {
    "difficulty": "easy",
    "difficulty_int": 0,
    "grid_h": 5,
    "grid_w": 7,
    "index": 2
  },
  "num_dots": 22,
  "num_edges": 34,
  "num_faces": 13,
  "solution": [
    0,
    0,
    2,
    2,
    2,
    2,
    0,
    2,
    0,
    0,
    2,
    0,
    2,
    0,
    2,
    0,
    2,
    2,
    0,
    2,
    0,
    2,
    0,
    2,
    2,
    0,
    0,
    0,
    0,
    2,
    2,
    0,
    0,
    0
  ]
}