{
  "clues": [
    2,
    -1,
    2,
    -1,
    -1,
    1,
    1,
    2,
    -1,
    2,
    -1,
    0,
    2,
    3,
    -1,
    -1
  ],
  "dot_edges_flat": [
    0,
    3,
    14,
    13,
    1,
    0,
    2,
    1,
    12,
    18,
    19,
    3,
    2,
    16,
    12,
    4,
    7,
    32,
    15,
    5,
    4,
    13,
    5,
    6,
    7,
    6,
    10,
    9,
    33,
    8,
    11,
    34,
    31,
    9,
    8,
    10,
    11,
    14,
    15,
    17,
    16,
    36,
    38,
    20,
    18,
    17,
    39,
    19,
    20,
    21,
    24,
    27,
    37,
    36,
    22,
    21,
    32,
    31,
    23,
    22,
    28,
    25,
    24,
    23,
    33,
    30,
    26,
    25,
    26,
    27,
    35,
    29,
    28,
    29,
    30,
    34,
    35,
    38,
    37,
    39
  ],
  "dot_edges_offsets": [
    0,
    3,
    6,
    10,
    13,
    18,
    22,
    24,
    28,
    32,
    35,
    37,
    39,
    43,
    46,
    49,
    53,
    56,
    60,
    65,
    68,
    70,
    73,
    75,
    77,
    80
  ],
  "dot_faces_flat": [
    4,
    0,
    -1,
    4,
    3,
    0,
    6,
    0,
    3,
    5,
    6,
    -1,
    0,
    13,
    5,
    3,
    1,
    10,
    4,
    -1,
    1,
    3,
    1,
    -1,
    10,
    1,
    -1,
    2,
    12,
    11,
    2,
    -1,
    11,
    10,
    2,
    2,
    -1,
    4,
    -1,
    15,
    5,
    13,
    14,
    15,
    6,
    5,
    15,
    -1,
    6,
    14,
    7,
    8,
    -1,
    14,
    13,
    7,
    13,
    10,
    11,
    7,
    12,
    9,
    8,
    7,
    11,
    9,
    -1,
    8,
    8,
    -1,
    12,
    -1,
    9,
    9,
    -1,
    12,
    -1,
    15,
    14,
    -1
  ],
  "dot_faces_offsets": [
    0,
    3,
    6,
    10,
    13,
    18,
    22,
    24,
    28,
    32,
    35,
    37,
    39,
    43,
    46,
    49,
    53,
    56,
    60,
    65,
    68,
    70,
    73,
    75,
    77,
    80
  ],
  "dot_order": [
    3,
    3,
    4,
    3,
    5,
    4,
    2,
    4,
    4,
    3,
    2,
    2,
    4,
    3,
    3,
    4,
    3,
    4,
    5,
    3,
    2,
    3,
    2,
    2,
    3
  ],
  "dots_x": [
    75.1600036621094,
    115.199996948242,
    100.080001831055,
    75.1600036621094,
    139.839996337891,
    115.199996948242,
    139.839996337891,
    164.480010986328,
    204.520004272461,
    164.480010986328,
    179.880004882813,
    100.080001831055,
    139.839996337891,
    124.720001220703,
    100.080001831055,
    179.880004882813,
    155.239990234375,
    179.880004882813,
    204.520004272461,
    229.160003662109,
    204.520004272461,
    244.559997558594,
    229.160003662109,
    219.919998168945,
    139.839996337891
  ],
  "dots_y": [
    62.560001373291,
    75.4400024414063,
    96.4400024414063,
    104.559997558594,
    83.5599975585938,
    49.4000015258789,
    57.5200004577637,
    49.4000015258789,
    62.560001373291,
    75.4400024414063,
    28.3999996185303,
    28.3999996185303,
    125.559997558594,
    104.559997558594,
    138.440002441406,
    138.440002441406,
    104.559997558594,
    96.4400024414063,
    104.559997558594,
    138.440002441406,
    130.320007324219,
    91.6800003051758,
    112.680000305176,
    83.5599975585938,
    151.320007324219
  ],
  "edge_d1": [
    0,
    1,
    2,
    3,
    4,
    5,
    6,
    7,
    8,
    9,
    7,
    10,
    4,
    1,
    0,
    11,
    4,
    12,
    13,
    14,
    13,
    15,
    16,
    17,
    18,
    18,
    19,
    20,
    18,
    21,
    22,
    9,
    17,
    8,
    8,
    23,
    16,
    15,
    24,
    24
  ],
  "edge_d2": [
    1,
    2,
    3,
    0,
    5,
    6,
    7,
    4,
    9,
    7,
    10,
    8,
    2,
    5,
    11,
    5,
    12,
    13,
    2,
    3,
    14,
    16,
    17,
    18,
    15,
    19,
    20,
    15,
    21,
    22,
    19,
    17,
    4,
    18,
    23,
    21,
    12,
    24,
    12,
    14
  ],
  "edge_f1": [
    0,
    0,
    0,
    0,
    1,
    1,
    1,
    1,
    2,
    2,
    2,
    2,
    3,
    3,
    4,
    4,
    5,
    5,
    5,
    6,
    6,
    7,
    7,
    7,
    7,
    8,
    8,
    8,
    9,
    9,
    9,
    10,
    10,
    11,
    12,
    12,
    13,
    14,
    14,
    15
  ],
  "edge_f2": [
    4,
    3,
    6,
    -1,
    3,
    -1,
    -1,
    10,
    11,
    10,
    -1,
    -1,
    5,
    4,
    -1,
    -1,
    13,
    15,
    6,
    -1,
    15,
    14,
    13,
    11,
    8,
    9,
    -1,
    -1,
    12,
    -1,
    -1,
    11,
    13,
    12,
    -1,
    -1,
    14,
    -1,
    15,
    -1
  ],
  "face_dots_flat": [
    0,
    1,
    2,
    3,
    4,
    5,
    6,
    7,
    8,
    9,
    7,
    10,
    4,
    2,
    1,
    5,
    0,
    11,
    5,
    1,
    4,
    12,
    13,
    2,
    14,
    3,
    2,
    13,
    15,
    16,
    17,
    18,
    18,
    19,
    20,
    15,
    18,
    21,
    22,
    19,
    4,
    7,
    9,
    17,
    8,
    18,
    17,
    9,
    18,
    8,
    23,
    21,
    4,
    17,
    16,
    12,
    15,
    24,
    12,
    16,
    14,
    13,
    12,
    24
  ],
  "face_dots_offsets": [
    0,
    4,
    8,
    12,
    16,
    20,
    24,
    28,
    32,
    36,
    40,
    44,
    48,
    52,
    56,
    60,
    64
  ],
  "face_edges_flat": [
    0,
    1,
    2,
    3,
    4,
    5,
    6,
    7,
    8,
    9,
    10,
    11,
    12,
    1,
    13,
    4,
    14,
    15,
    13,
    0,
    16,
    17,
    18,
    12,
    19,
    2,
    18,
    20,
    21,
    22,
    23,
    24,
    25,
    26,
    27,
    24,
    28,
    29,
    30,
    25,
    7,
    9,
    31,
    32,
    33,
    23,
    31,
    8,
    33,
    34,
    35,
    28,
    32,
    22,
    36,
    16,
    37,
    38,
    36,
    21,
    20,
    17,
    38,
    39
  ],
  "face_edges_offsets": [
    0,
    4,
    8,
    12,
    16,
    20,
    24,
    28,
    32,
    36,
    40,
    44,
    48,
    52,
    56,
    60,
    64
  ],
  "face_ix": [
    90.8399963378906,
    140.119995117188,
    180.160003662109,
    124.720001220703,
    100.080001831055,
    130.600006103516,
    100.360000610352,
    180.160003662109,
    204.800003051758,
    220.479995727539,
    155.519989013672,
    189.679992675781,
    214.320007324219,
    149.639999389648,
    155.519989013672,
    125.0
  ],
  "face_iy": [
    83.5599975585938,
    67.0400009155273,
    54.439998626709,
    78.5200042724609,
    54.439998626709,
    96.7200012207031,
    112.680000305176,
    112.400001525879,
    120.800003051758,
    109.599998474121,
    78.5200042724609,
    83.5599975585938,
    91.4000015258789,
    96.7200012207031,
    130.320007324219,
    130.320007324219
  ],
  "face_order": [
    4,
    4,
    4,
    4,
    4,
    4,
    4,
    4,
    4,
    4,
    4,
    4,
    4,
    4,
    4,
    4
  ],
  "meta": {
    "difficulty": "easy",
    "difficulty_int": 0,
    "grid_h": 5,
    "grid_w": 7,
    "index": 3
  },
  "num_dots": 25,
  "num_edges": 40,
  "num_faces": 16,
  "solution": [
    0,
    2,
    2,
    0,
    2,
    0,
    0,
    2,
    2,
    2,
    0,
    0,
    2,
    0,
    2,
    2,
    0,
    2,
    2,
    0,
    2,
    0,
    0,
    2,
    2,
    2,
    0,
    0,
    2,
    0,
    0,
    2,
    0,
    2,
    0,
    0,
    2,
    2,
    0,
    0
  ]
}