{
  "clues": [
    -1,
    1,
    -1,
    -1,
    2,
    0,
    2,
    -1,
    2,
    1
  ],
  "dot_edges_flat": [
    0,
    3,
    7,
    12,
    5,
    1,
    0,
    9,
    2,
    1,
    4,
    21,
    3,
    2,
    22,
    20,
    4,
    6,
    16,
    6,
    5,
    11,
    7,
    8,
    9,
    8,
    13,
    14,
    10,
    12,
    15,
    11,
    10,
    19,
    13,
    14,
    16,
    15,
    18,
    19,
    17,
    18,
    17,
    25,
    24,
    21,
    20,
    25,
    23,
    22,
    23,
    24
  ],
  "dot_edges_offsets": [
    0,
    3,
    8,
    11,
    14,
    19,
    22,
    24,
    27,
    30,
    34,
    36,
    39,
    41,
    44,
    47,
    50,
    52
  ],
  "dot_faces_flat": [
    2,
    0,
    -1,
    4,
    3,
    1,
    0,
    2,
    7,
    0,
    1,
    7,
    -1,
    0,
    9,
    8,
    7,
    1,
    5,
    5,
    1,
    3,
    2,
    -1,
    4,
    2,
    -1,
    4,
    -1,
    3,
    6,
    5,
    3,
    -1,
    4,
    -1,
    9,
    5,
    6,
    6,
    -1,
    9,
    6,
    -1,
    8,
    -1,
    7,
    9,
    -1,
    8,
    8,
    -1
  ],
  "dot_faces_offsets": [
    0,
    3,
    8,
    11,
    14,
    19,
    22,
    24,
    27,
    30,
    34,
    36,
    39,
    41,
    44,
    47,
    50,
    52
  ],
  "dot_order": [
    3,
    5,
    3,
    3,
    5,
    3,
    2,
    3,
    3,
    4,
    2,
    3,
    2,
    3,
    3,
    3,
    2
  ],
  "dots_x": [
    115.199996948242,
    140.119995117188,
    140.119995117188,
    155.239990234375,
    179.880004882813,
    155.239990234375,
    100.080001831055,
    100.080001831055,
    140.119995117188,
    179.880004882813,
    115.199996948242,
    204.520004272461,
    219.919998168945,
    219.919998168945,
    179.880004882813,
    219.919998168945,
    204.520004272461
  ],
  "dots_y": [
    117.440002441406,
    83.5599975585938,
    109.319999694824,
    130.600006103516,
    96.4400024414063,
    62.560001373291,
    96.4400024414063,
    70.6800003051758,
    41.5599975585938,
    54.439998626709,
    49.6800003051758,
    62.560001373291,
    41.5599975585938,
    83.5599975585938,
    138.440002441406,
    109.319999694824,
    130.600006103516
  ],
  "edge_d1": [
    0,
    1,
    2,
    3,
    4,
    1,
    5,
    0,
    6,
    7,
    8,
    9,
    1,
    7,
    10,
    9,
    11,
    12,
    13,
    9,
    4,
    14,
    4,
    15,
    16,
    13
  ],
  "edge_d2": [
    1,
    2,
    3,
    0,
    2,
    5,
    4,
    6,
    7,
    1,
    9,
    5,
    8,
    10,
    8,
    11,
    4,
    13,
    11,
    12,
    14,
    3,
    15,
    16,
    14,
    15
  ],
  "edge_f1": [
    0,
    0,
    0,
    0,
    1,
    1,
    1,
    2,
    2,
    2,
    3,
    3,
    3,
    4,
    4,
    5,
    5,
    6,
    6,
    6,
    7,
    7,
    8,
    8,
    8,
    9
  ],
  "edge_f2": [
    2,
    1,
    7,
    -1,
    7,
    3,
    5,
    -1,
    -1,
    4,
    -1,
    5,
    4,
    -1,
    -1,
    6,
    9,
    -1,
    9,
    -1,
    8,
    -1,
    9,
    -1,
    -1,
    -1
  ],
  "face_dots_flat": [
    0,
    1,
    2,
    3,
    4,
    2,
    1,
    5,
    1,
    0,
    6,
    7,
    8,
    9,
    5,
    1,
    1,
    7,
    10,
    8,
    4,
    5,
    9,
    11,
    12,
    13,
    11,
    9,
    4,
    14,
    3,
    2,
    4,
    15,
    16,
    14,
    4,
    11,
    13,
    15
  ],
  "face_dots_offsets": [
    0,
    4,
    8,
    12,
    16,
    20,
    24,
    28,
    32,
    36,
    40
  ],
  "face_edges_flat": [
    0,
    1,
    2,
    3,
    4,
    1,
    5,
    6,
    0,
    7,
    8,
    9,
    10,
    11,
    5,
    12,
    9,
    13,
    14,
    12,
    6,
    11,
    15,
    16,
    17,
    18,
    15,
    19,
    20,
    21,
    2,
    4,
    22,
    23,
    24,
    20,
    16,
    18,
    25,
    22
  ],
  "face_edges_offsets": [
    0,
    4,
    8,
    12,
    16,
    20,
    24,
    28,
    32,
    36,
    40
  ],
  "face_ix": [
    130.880004882813,
    155.239990234375,
    115.199996948242,
    149.639999389648,
    124.720001220703,
    179.880004882813,
    210.399993896484,
    164.480010986328,
    195.279998779297,
    204.520004272461
  ],
  "face_iy": [
    112.680000305176,
    88.5999984741211,
    91.9599990844727,
    55.0,
    62.8400001525879,
    70.6800003051758,
    55.0,
    117.720001220703,
    117.720001220703,
    88.5999984741211
  ],
  "face_order": [
    4,
    4,
    4,
    4,
    4,
    4,
    4,
    4,
    4,
    4
  ],
  "meta": {
    "difficulty": "easy",
    "difficulty_int": 0,
    "grid_h": 5,
    "grid_w": 5,
    "index": 1
  },
  "num_dots": 17,
  "num_edges": 26,
  "num_faces": 10,
  "solution": [
    0,
    0,
    0,
    2,
    2,
    2,
    2,
    0,
    0,
    2,
    0,
    2,
    2,
    0,
    0,
    2,
    2,
    0,
    2,
    0,
    2,
    0,
    2,
    0,
    0,
    0
  ]
}