{
  "clues": [
    -1,
    3,
    -1,
    2,
    1,
    -1,
    -1,
    3,
    -1,
    0,
    -1,
    -1,
    2,
    0,
    1,
    -1,
    3
  ],
  "dot_edges_flat": [
    21,
    0,
    3,
    10,
    13,
    5,
    1,
    0,
    4,
    2,
    1,
    2,
    3,
    9,
    4,
    6,
    7,
    6,
    5,
    15,
    14,
    23,
    8,
    7,
    22,
    9,
    8,
    10,
    11,
    35,
    12,
    11,
    39,
    26,
    13,
    12,
    14,
    17,
    20,
    25,
    16,
    15,
    21,
    34,
    18,
    17,
    16,
    26,
    32,
    19,
    18,
    31,
    20,
    19,
    24,
    22,
    25,
    24,
    23,
    38,
    27,
    30,
    28,
    27,
    41,
    33,
    32,
    29,
    28,
    36,
    30,
    29,
    34,
    35,
    42,
    31,
    33,
    40,
    37,
    36,
    37,
    38,
    39,
    40,
    41,
    42
  ],
  "dot_edges_offsets": [
    0,
    5,
    8,
    11,
    13,
    16,
    21,
    24,
    27,
    29,
    33,
    36,
    40,
    43,
    48,
    51,
    54,
    56,
    59,
    62,
    65,
    69,
    74,
    77,
    80,
    82,
    84,
    86
  ],
  "dot_faces_flat": [
    9,
    6,
    0,
    -1,
    3,
    6,
    1,
    0,
    1,
    -1,
    0,
    0,
    -1,
    2,
    -1,
    1,
    8,
    2,
    1,
    6,
    4,
    8,
    7,
    2,
    7,
    -1,
    2,
    3,
    -1,
    15,
    13,
    3,
    -1,
    13,
    9,
    3,
    8,
    4,
    5,
    -1,
    9,
    4,
    6,
    13,
    12,
    5,
    4,
    9,
    12,
    11,
    5,
    11,
    -1,
    5,
    7,
    -1,
    8,
    -1,
    7,
    14,
    -1,
    10,
    16,
    10,
    -1,
    16,
    11,
    12,
    10,
    15,
    14,
    10,
    12,
    13,
    16,
    -1,
    11,
    15,
    -1,
    14,
    14,
    -1,
    15,
    -1,
    16,
    -1
  ],
  "dot_faces_offsets": [
    0,
    5,
    8,
    11,
    13,
    16,
    21,
    24,
    27,
    29,
    33,
    36,
    40,
    43,
    48,
    51,
    54,
    56,
    59,
    62,
    65,
    69,
    74,
    77,
    80,
    82,
    84,
    86
  ],
  "dot_order": [
    5,
    3,
    3,
    2,
    3,
    5,
    3,
    3,
    2,
    4,
    3,
    4,
    3,
    5,
    3,
    3,
    2,
    3,
    3,
    3,
    4,
    5,
    3,
    3,
    2,
    2,
    2
  ],
  "dots_x": [
    179.880004882813,
    219.919998168945,
    219.919998168945,
    204.520004272461,
    244.559997558594,
    204.520004272461,
    229.160003662109,
    244.559997558594,
    155.239990234375,
    140.119995117188,
    140.119995117188,
    179.880004882813,
    179.880004882813,
    155.239990234375,
    130.600006103516,
    155.239990234375,
    244.559997558594,
    204.520004272461,
    75.4400024414063,
    100.080001831055,
    115.199996948242,
    115.199996948242,
    115.199996948242,
    100.080001831055,
    75.4400024414063,
    100.080001831055,
    75.4400024414063
  ],
  "dots_y": [
    117.440002441406,
    104.559997558594,
    130.320007324219,
    151.320007324219,
    96.4400024414063,
    83.5599975585938,
    49.4000015258789,
    70.4000015258789,
    151.320007324219,
    130.320007324219,
    104.559997558594,
    49.4000015258789,
    75.4400024414063,
    83.5599975585938,
    49.4000015258789,
    41.2799987792969,
    28.3999996185303,
    41.2799987792969,
    83.5599975585938,
    49.4000015258789,
    70.4000015258789,
    96.4400024414063,
    28.3999996185303,
    117.440002441406,
    125.559997558594,
    143.199996948242,
    41.2799987792969
  ],
  "edge_d1": [
    0,
    1,
    2,
    3,
    4,
    1,
    5,
    5,
    6,
    7,
    0,
    8,
    9,
    10,
    11,
    5,
    12,
    13,
    13,
    14,
    15,
    0,
    16,
    6,
    17,
    11,
    10,
    18,
    19,
    20,
    21,
    22,
    14,
    20,
    13,
    9,
    21,
    23,
    24,
    9,
    25,
    19,
    26
  ],
  "edge_d2": [
    1,
    2,
    3,
    0,
    2,
    5,
    4,
    6,
    7,
    4,
    8,
    9,
    10,
    0,
    5,
    12,
    13,
    11,
    14,
    15,
    11,
    12,
    7,
    17,
    16,
    17,
    13,
    19,
    20,
    21,
    18,
    15,
    20,
    22,
    21,
    21,
    23,
    24,
    18,
    25,
    23,
    26,
    22
  ],
  "edge_f1": [
    0,
    0,
    0,
    0,
    1,
    1,
    1,
    2,
    2,
    2,
    3,
    3,
    3,
    3,
    4,
    4,
    4,
    4,
    5,
    5,
    5,
    6,
    7,
    7,
    7,
    8,
    9,
    10,
    10,
    10,
    10,
    11,
    11,
    11,
    12,
    13,
    14,
    14,
    14,
    15,
    15,
    16,
    16
  ],
  "edge_f2": [
    6,
    1,
    -1,
    -1,
    -1,
    6,
    2,
    8,
    7,
    -1,
    -1,
    -1,
    13,
    9,
    8,
    6,
    9,
    5,
    12,
    11,
    -1,
    9,
    -1,
    8,
    -1,
    -1,
    13,
    -1,
    16,
    12,
    14,
    -1,
    12,
    16,
    13,
    15,
    15,
    -1,
    -1,
    -1,
    -1,
    -1,
    -1
  ],
  "face_dots_flat": [
    0,
    1,
    2,
    3,
    4,
    2,
    1,
    5,
    5,
    6,
    7,
    4,
    0,
    8,
    9,
    10,
    11,
    5,
    12,
    13,
    13,
    14,
    15,
    11,
    0,
    12,
    5,
    1,
    16,
    7,
    6,
    17,
    5,
    11,
    17,
    6,
    0,
    10,
    13,
    12,
    18,
    19,
    20,
    21,
    22,
    15,
    14,
    20,
    13,
    21,
    20,
    14,
    21,
    13,
    10,
    9,
    18,
    21,
    23,
    24,
    9,
    25,
    23,
    21,
    22,
    20,
    19,
    26
  ],
  "face_dots_offsets": [
    0,
    4,
    8,
    12,
    16,
    20,
    24,
    28,
    32,
    36,
    40,
    44,
    48,
    52,
    56,
    60,
    64,
    68
  ],
  "face_edges_flat": [
    0,
    1,
    2,
    3,
    4,
    1,
    5,
    6,
    7,
    8,
    9,
    6,
    10,
    11,
    12,
    13,
    14,
    15,
    16,
    17,
    18,
    19,
    20,
    17,
    21,
    15,
    5,
    0,
    22,
    8,
    23,
    24,
    14,
    25,
    23,
    7,
    13,
    26,
    16,
    21,
    27,
    28,
    29,
    30,
    31,
    19,
    32,
    33,
    34,
    29,
    32,
    18,
    34,
    26,
    12,
    35,
    30,
    36,
    37,
    38,
    39,
    40,
    36,
    35,
    33,
    28,
    41,
    42
  ],
  "face_edges_offsets": [
    0,
    4,
    8,
    12,
    16,
    20,
    24,
    28,
    32,
    36,
    40,
    44,
    48,
    52,
    56,
    60,
    64,
    68
  ],
  "face_ix": [
    204.520004272461,
    228.880004882813,
    229.160003662109,
    155.239990234375,
    179.880004882813,
    155.239990234375,
    195.0,
    235.039993286133,
    204.520004272461,
    164.760009765625,
    100.080001831055,
    124.720001220703,
    130.600006103516,
    130.880004882813,
    90.5599975585938,
    115.199996948242,
    105.680000305176
  ],
  "face_iy": [
    125.559997558594,
    101.480003356934,
    75.4400024414063,
    125.559997558594,
    65.9199981689453,
    57.5200004577637,
    96.4400024414063,
    41.5599975585938,
    57.5200004577637,
    96.4400024414063,
    75.4400024414063,
    41.5599975585938,
    75.4400024414063,
    101.480003356934,
    104.559997558594,
    122.199996948242,
    41.5599975585938
  ],
  "face_order": [
    4,
    4,
    4,
    4,
    4,
    4,
    4,
    4,
    4,
    4,
    4,
    4,
    4,
    4,
    4,
    4,
    4
  ],
  "meta": {
    "difficulty": "normal",
    "difficulty_int": 1,
    "grid_h": 5,
    "grid_w": 7,
    "index": 4
  },
  "num_dots": 27,
  "num_edges": 43,
  "num_faces": 17,
  "solution": [
    0,
    0,
    2,
    2,
    0,
    2,
    0,
    0,
    0,
    2,
    0,
    0,
    2,
    2,
    2,
    2,
    2,
    0,
    0,
    0,
    2,
    2,
    0,
    2,
    0,
    0,
    2,
    2,
    0,
    0,
    2,
    0,
    2,
    2,
    2,
    2,
    0,
    2,
    2,
    0,
    0,
    0,
    0
  ]
}