{
  "clues": [
    -1,
    -1,
    -1,
    3,
    -1,
    2,
    -1,
    0
  ],
  "dot_edges_flat": [
    12,
    10,
    10,
    2,
    1,
    13,
    0,
    3,
    6,
    16,
    11,
    1,
    0,
    3,
    2,
    4,
    5,
    4,
    8,
    6,
    5,
    7,
    15,
    7,
    9,
    19,
    8,
    9,
    14,
    12,
    11,
    18,
    14,
    13,
    17,
    16,
    15,
    20,
    18,
    17,
    19,
    20
  ],
  "dot_edges_offsets": [
    0,
    2,
    5,
    10,
    13,
    16,
    19,
    22,
    26,
    28,
    31,
    34,
    37,
    40,
    42
  ],
  "dot_faces_flat": [
    3,
    -1,
    3,
    -1,
    0,
    6,
    4,
    0,
    1,
    5,
    4,
    3,
    0,
    1,
    0,
    -1,
    2,
    1,
    -1,
    5,
    1,
    2,
    7,
    5,
    2,
    -1,
    2,
    -1,
    4,
    -1,
    3,
    6,
    -1,
    4,
    7,
    6,
    5,
    7,
    -1,
    6,
    7,
    -1
  ],
  "dot_faces_offsets": [
    0,
    2,
    5,
    10,
    13,
    16,
    19,
    22,
    26,
    28,
    31,
    34,
    37,
    40,
    42
  ],
  "dot_order": [
    2,
    3,
    5,
    3,
    3,
    3,
    3,
    4,
    2,
    3,
    3,
    3,
    3,
    2
  ],
  "dots_x": [
    224.399993896484,
    184.639999389648,
    160.0,
    199.760009765625,
    160.0,
    119.959999084473,
    144.600006103516,
    119.959999084473,
    95.3199996948242,
    199.760009765625,
    184.639999389648,
    160.0,
    144.600006103516,
    119.959999084473
  ],
  "dots_y": [
    117.440002441406,
    130.320007324219,
    96.4400024414063,
    109.319999694824,
    138.440002441406,
    125.559997558594,
    117.440002441406,
    83.5599975585938,
    117.440002441406,
    83.5599975585938,
    62.560001373291,
    70.6800003051758,
    49.6800003051758,
    41.5599975585938
  ],
  "edge_d1": [
    2,
    3,
    1,
    4,
    4,
    5,
    6,
    7,
    5,
    8,
    0,
    3,
    9,
    2,
    10,
    7,
    11,
    11,
    12,
    7,
    13
  ],
  "edge_d2": [
    3,
    1,
    4,
    2,
    5,
    6,
    2,
    6,
    8,
    7,
    1,
    9,
    0,
    10,
    9,
    11,
    2,
    12,
    10,
    13,
    12
  ],
  "edge_f1": [
    0,
    0,
    0,
    0,
    1,
    1,
    1,
    2,
    2,
    2,
    3,
    3,
    3,
    4,
    4,
    5,
    5,
    6,
    6,
    7,
    7
  ],
  "edge_f2": [
    4,
    3,
    -1,
    1,
    -1,
    2,
    5,
    5,
    -1,
    -1,
    -1,
    4,
    -1,
    6,
    -1,
    7,
    6,
    7,
    -1,
    -1,
    -1
  ],
  "face_dots_flat": [
    2,
    3,
    1,
    4,
    4,
    5,
    6,
    2,
    7,
    6,
    5,
    8,
    0,
    1,
    3,
    9,
    2,
    10,
    9,
    3,
    7,
    11,
    2,
    6,
    10,
    2,
    11,
    12,
    7,
    13,
    12,
    11
  ],
  "face_dots_offsets": [
    0,
    4,
    8,
    12,
    16,
    20,
    24,
    28,
    32
  ],
  "face_edges_flat": [
    0,
    1,
    2,
    3,
    4,
    5,
    6,
    3,
    7,
    5,
    8,
    9,
    10,
    1,
    11,
    12,
    13,
    14,
    11,
    0,
    15,
    16,
    6,
    7,
    13,
    16,
    17,
    18,
    19,
    20,
    17,
    15
  ],
  "face_edges_offsets": [
    0,
    4,
    8,
    12,
    16,
    20,
    24,
    28,
    32
  ],
  "face_ix": [
    175.119995117188,
    150.479995727539,
    119.959999084473,
    208.720001220703,
    184.639999389648,
    144.600006103516,
    168.959991455078,
    135.080001831055
  ],
  "face_iy": [
    117.720001220703,
    125.559997558594,
    109.879997253418,
    112.680000305176,
    88.5999984741211,
    91.9599990844727,
    67.8800048828125,
    62.8400001525879
  ],
  "face_order": [
    4,
    4,
    4,
    4,
    4,
    4,
    4,
    4
  ],
  "meta": {
    "difficulty": "easy",
    "difficulty_int": 0,
    "grid_h": 5,
    "grid_w": 5,
    "index": 0
  },
  "num_dots": 14,
  "num_edges": 21,
  "num_faces": 8,
  "solution": [
    0,
    2,
    0,
    2,
    0,
    2,
    0,
    0,
    0,
    0,
    0,
    0,
    0,
    2,
    2,
    2,
    2,
    2,
    2,
    2,
    2
  ]
}