{
  "clues": [
    -1,
    3,
    -1,
    -1,
    -1,
    0,
    0,
    -1,
    2,
    1,
    -1,
    -1,
    3,
    2
  ],
  "dot_edges_flat": [
    0,
    3,
    32,
    26,
    22,
    21,
    1,
    0,
    6,
    2,
    1,
    5,
    3,
    2,
    7,
    10,
    4,
    6,
    4,
    5,
    21,
    8,
    7,
    35,
    9,
    8,
    19,
    20,
    9,
    10,
    11,
    14,
    25,
    30,
    28,
    12,
    11,
    18,
    17,
    13,
    12,
    23,
    14,
    13,
    19,
    22,
    29,
    15,
    18,
    16,
    15,
    34,
    20,
    17,
    16,
    27,
    24,
    23,
    24,
    25,
    33,
    27,
    26,
    31,
    29,
    28,
    30,
    31,
    32,
    33,
    34,
    35
  ],
  "dot_edges_offsets": [
    0,
    3,
    8,
    11,
    14,
    18,
    20,
    23,
    28,
    30,
    34,
    37,
    41,
    46,
    49,
    52,
    55,
    58,
    60,
    63,
    66,
    68,
    70,
    72
  ],
  "dot_faces_flat": [
    12,
    0,
    -1,
    12,
    8,
    6,
    11,
    0,
    11,
    1,
    0,
    1,
    -1,
    0,
    11,
    2,
    -1,
    1,
    1,
    -1,
    11,
    6,
    2,
    13,
    -1,
    2,
    6,
    5,
    2,
    -1,
    10,
    3,
    7,
    -1,
    10,
    9,
    3,
    9,
    4,
    5,
    3,
    8,
    7,
    3,
    5,
    6,
    9,
    -1,
    4,
    13,
    4,
    -1,
    13,
    5,
    4,
    8,
    -1,
    7,
    7,
    -1,
    12,
    -1,
    8,
    10,
    -1,
    9,
    10,
    -1,
    12,
    -1,
    13,
    -1
  ],
  "dot_faces_offsets": [
    0,
    3,
    8,
    11,
    14,
    18,
    20,
    23,
    28,
    30,
    34,
    37,
    41,
    46,
    49,
    52,
    55,
    58,
    60,
    63,
    66,
    68,
    70,
    72
  ],
  "dot_order": [
    3,
    5,
    3,
    3,
    4,
    2,
    3,
    5,
    2,
    4,
    3,
    4,
    5,
    3,
    3,
    3,
    3,
    2,
    3,
    3,
    2,
    2,
    2
  ],
  "dots_x": [
    87.7600021362305,
    127.519996643066,
    102.880004882813,
    87.7600021362305,
    127.519996643066,
    87.7600021362305,
    152.160003662109,
    167.559997558594,
    167.559997558594,
    192.199996948242,
    216.839996337891,
    192.199996948242,
    167.559997558594,
    232.240005493164,
    207.600006103516,
    207.600006103516,
    152.160003662109,
    152.160003662109,
    127.519996643066,
    232.240005493164,
    232.240005493164,
    102.880004882813,
    192.199996948242
  ],
  "dots_y": [
    75.4400024414063,
    88.3199996948242,
    96.4400024414063,
    117.440002441406,
    130.320007324219,
    143.199996948242,
    96.4400024414063,
    117.440002441406,
    143.199996948242,
    41.5599975585938,
    75.4400024414063,
    83.5599975585938,
    75.4400024414063,
    96.4400024414063,
    130.320007324219,
    104.559997558594,
    54.439998626709,
    28.3999996185303,
    46.3199996948242,
    54.439998626709,
    28.3999996185303,
    54.439998626709,
    151.320007324219
  ],
  "edge_d1": [
    0,
    1,
    2,
    3,
    4,
    5,
    2,
    4,
    6,
    7,
    8,
    9,
    10,
    11,
    12,
    13,
    14,
    15,
    11,
    7,
    15,
    6,
    1,
    12,
    16,
    17,
    1,
    18,
    10,
    19,
    9,
    20,
    0,
    21,
    14,
    22
  ],
  "edge_d2": [
    1,
    2,
    3,
    0,
    5,
    3,
    4,
    6,
    7,
    8,
    4,
    10,
    11,
    12,
    9,
    14,
    15,
    11,
    13,
    12,
    7,
    1,
    12,
    16,
    17,
    9,
    18,
    16,
    19,
    13,
    20,
    19,
    21,
    18,
    22,
    7
  ],
  "edge_f1": [
    0,
    0,
    0,
    0,
    1,
    1,
    1,
    2,
    2,
    2,
    2,
    3,
    3,
    3,
    3,
    4,
    4,
    4,
    4,
    5,
    5,
    6,
    6,
    7,
    7,
    7,
    8,
    8,
    9,
    9,
    10,
    10,
    12,
    12,
    13,
    13
  ],
  "edge_f2": [
    12,
    11,
    1,
    -1,
    -1,
    -1,
    11,
    11,
    6,
    -1,
    -1,
    10,
    9,
    5,
    7,
    -1,
    13,
    5,
    9,
    6,
    13,
    11,
    8,
    8,
    -1,
    -1,
    12,
    -1,
    10,
    -1,
    -1,
    -1,
    -1,
    -1,
    -1,
    -1
  ],
  "face_dots_flat": [
    0,
    1,
    2,
    3,
    4,
    5,
    3,
    2,
    4,
    6,
    7,
    8,
    9,
    10,
    11,
    12,
    13,
    14,
    15,
    11,
    7,
    12,
    11,
    15,
    12,
    7,
    6,
    1,
    9,
    12,
    16,
    17,
    1,
    18,
    16,
    12,
    13,
    11,
    10,
    19,
    9,
    20,
    19,
    10,
    4,
    2,
    1,
    6,
    1,
    0,
    21,
    18,
    7,
    15,
    14,
    22
  ],
  "face_dots_offsets": [
    0,
    4,
    8,
    12,
    16,
    20,
    24,
    28,
    32,
    36,
    40,
    44,
    48,
    52,
    56
  ],
  "face_edges_flat": [
    0,
    1,
    2,
    3,
    4,
    5,
    2,
    6,
    7,
    8,
    9,
    10,
    11,
    12,
    13,
    14,
    15,
    16,
    17,
    18,
    19,
    13,
    17,
    20,
    19,
    8,
    21,
    22,
    14,
    23,
    24,
    25,
    26,
    27,
    23,
    22,
    18,
    12,
    28,
    29,
    30,
    31,
    28,
    11,
    6,
    1,
    21,
    7,
    0,
    32,
    33,
    26,
    20,
    16,
    34,
    35
  ],
  "face_edges_offsets": [
    0,
    4,
    8,
    12,
    16,
    20,
    24,
    28,
    32,
    36,
    40,
    44,
    48,
    52,
    56
  ],
  "face_ix": [
    97.5599975585938,
    103.160003662109,
    152.440002441406,
    192.479995727539,
    216.839996337891,
    182.959991455078,
    158.320007324219,
    167.839996337891,
    142.919998168945,
    223.0,
    217.119995117188,
    127.800003051758,
    112.680000305176,
    192.479995727539
  ],
  "face_iy": [
    88.5999984741211,
    122.199996948242,
    122.199996948242,
    67.5999984741211,
    101.480003356934,
    96.4400024414063,
    88.5999984741211,
    49.4000015258789,
    67.3199996948242,
    83.2799987792969,
    49.4000015258789,
    104.279998779297,
    67.3199996948242,
    125.559997558594
  ],
  "face_order": [
    4,
    4,
    4,
    4,
    4,
    4,
    4,
    4,
    4,
    4,
    4,
    4,
    4,
    4
  ],
  "meta": {
    "difficulty": "normal",
    "difficulty_int": 1,
    "grid_h": 5,
    "grid_w": 7,
    "index": 5
  },
  "num_dots": 23,
  "num_edges": 36,
  "num_faces": 14,
  "solution": [
    0,
    0,
    0,
    2,
    0,
    0,
    2,
    2,
    2,
    0,
    0,
    2,
    2,
    2,
    0,
    0,
    2,
    2,
    2,
    2,
    2,
    2,
    2,
    0,
    2,
    2,
    2,
    0,
    2,
    0,
    0,
    0,
    0,
    0,
    0,
    0
  ]
}